{"cameraMode":{"drawMode":0,"name":"Shaded","section":"Shading Mode"},"sceneLighting":false,"audioPlay":false,"sceneViewState":{"m_AlwaysRefresh":false,"showFog":true,"showSkybox":false,"showFlares":true,"showImageEffects":true,"showParticleSystems":true,"showVisualEffectGraphs":true,"m_FxEnabled":true},"in2DMode":false,"pivot":{"x":5.960464477539063e-7,"y":1.1269183158874512,"z":-0.1353318691253662},"rotation":{"x":-0.054069846868515018,"y":0.7639246582984924,"z":-0.06455826759338379,"w":-0.6397956609725952},"size":3.309264659881592,"orthographic":false}